m,n,r,d,GRB_P1_P3_H_norm_0_mean,GRB_P1_P3_H_norm_1_mean,GRB_P1_P3_H_rank_mean,GRB_P1_P3_time_mean,GRB_PLS_H_norm_0_mean,GRB_PLS_H_norm_1_mean,GRB_PLS_H_rank_mean,GRB_PLS_time_mean
100,50,25,100,2408.8,189.88769605319666,47,410.03618882,2408.6,189.88770002099628,47,1.0365690600000002
120,60,30,100,3467.2,244.12756432544757,58,1029.12885656,3467.8,244.12756792371314,58,1.77042952
60,30,15,100,865.2,99.79826310409575,28,25.46007832,865.4,99.79826606390534,28,0.18892125999999998
80,40,20,100,1534.0,150.62917450520735,39,118.02108390000001,1533.8,150.62917442445837,39,0.4456139
