method,H_div_bound_norm_0_min,H_div_bound_norm_0_mean,H_div_bound_norm_0_max,H_div_AMP_norm_0_min,H_div_AMP_norm_0_mean,H_div_AMP_norm_0_max,H_div_AMP_norm_1_min,H_div_AMP_norm_1_mean,H_div_AMP_norm_1_max,H_rank_ratio_min,H_rank_ratio_mean,H_rank_ratio_max,m_max
Gurobi,0.9610714285714286,0.9756565079365078,0.9889285714285714,0.4464167219641672,0.45251683436062495,0.46107200866269626,0.8644217214814626,0.885356978617462,0.9019967199602756,3.85,3.909555555555556,3.96,120
ADMM,0.9698285714285714,1.0037312858242464,1.0310714285714286,0.4495774946359037,0.4729385556170188,0.49356756511754396,0.8644430317773606,0.883908661103825,0.9020288190947267,3.8666666666666667,3.9474966179917583,3.980952380952381,600
ADMMe,0.9574603174603175,0.9735257744823351,0.9889285714285714,0.4461338772482848,0.45439064691303327,0.46366736186976526,0.8644229400741692,0.8839976291359465,0.9019974059413338,3.85,3.930150802900802,3.977777777777778,300
DRS,0.9579541446208113,0.9742996678928518,0.9910714285714286,0.44645174962252654,0.4554132420382233,0.4650568964421182,0.8644226371533884,0.8840865179676182,0.90199763673308,3.85,3.933478465978464,3.98,340
DRS_Boyd,0.960705467372134,0.9765349135268249,0.9935714285714285,0.4474583454742921,0.4600837748826845,0.47036849579984286,0.8644299752789324,0.8838294796088229,0.9020076339130509,3.85,3.947536712385617,3.980952380952381,600
DRS_FP,0.9594428247489472,0.9765102304519223,0.9942857142857143,0.44721994119361075,0.4600711254584842,0.47024066276402726,0.8644324500871886,0.8838337608631157,0.9020111246122724,3.85,3.9478597986908457,3.98,600
