method,H_div_bound_norm_0_min,H_div_bound_norm_0_mean,H_div_bound_norm_0_max,H_div_AMP_norm_0_min,H_div_AMP_norm_0_mean,H_div_AMP_norm_0_max,H_div_AMP_norm_1_min,H_div_AMP_norm_1_mean,H_div_AMP_norm_1_max,H_rank_ratio_min,H_rank_ratio_mean,H_rank_ratio_max,m_max
Gurobi,0.9311111111111111,0.9676126324417124,0.9924489795918368,0.4967291757522896,0.5121455697875259,0.5295617899373986,0.7975816691751356,0.8181422806610013,0.8457339088314888,1.8,1.9513993372917466,2.0,540
DRS,0.9333333333333333,0.9660871375930228,0.9928571428571429,0.4968745457188545,0.5093737297416281,0.5224752630752316,0.7975818962612776,0.8212679069321285,0.8457368725631008,1.8,1.9403091789163216,2.0,340
DRS_Boyd,0.9676731301939058,0.9869199590676039,1.0333333333333334,0.5109754324756506,0.5229031145613495,0.5388230268076472,0.7975966293285616,0.816936270658755,0.8457917967723346,1.84,1.9654078802152115,2.0,600
DRS_FP,0.96,0.9893816009386368,1.0257142857142858,0.5069444444444444,0.5242205045685816,0.5370371850939821,0.797593530052111,0.8169355323969333,0.8457640469654714,1.8,1.966654242705576,2.0,600
