m,n,r,P123_A_norm_0,P123_AMP_norm_0,P123_AMP_norm_1,P123_hatAMP_norm_0,P123_hatAMP_norm_1,P123_norm_0,P123_norm_1,P123_rank,P123_time,P1_Sym_A_norm_0,P1_Sym_AMP_norm_0,P1_Sym_AMP_norm_1,P1_Sym_hatAMP_norm_0,P1_Sym_hatAMP_norm_1,P1_Sym_norm_0,P1_Sym_norm_1,P1_Sym_rank,P1_Sym_time
120,40,30.0,562.0,4574.0,122.01284704897175,1599.2,49.85231070735117,3430.2,117.76161971564224,30.0,5.405710458755493,562.0,4574.0,122.01284704897175,1599.2,49.85231070735117,899.6,64.63171429319428,30.0,5.401411485671997
120,60,45.0,854.0,7150.0,218.42513525540494,3599.2,114.51587149720494,5363.0,233.3990791115566,45.0,5.3040228366851805,854.0,7150.0,218.42513525540494,3599.2,114.51587149720494,2025.0,159.12081292510976,45.0,5.499699592590332
