m,n,r,P123_norm_0,P123_norm_1,P123_rank,P123_time,P1_Sym_norm_0,P1_Sym_norm_1,P1_Sym_rank,P1_Sym_time
120,40,30.0,0.7499357353624958,0.9650187237968856,1.0,5.405710458755493,0.19673821698349264,0.5263943887246828,1.0,5.401411485671997
120,60,45.0,0.7500693022304568,1.069534862759501,1.0,5.3040228366851805,0.2832435458013391,0.7267597998423756,1.0,5.499699592590332
