m,n,r,A_norm_0,AMP_norm_0,AMP_norm_1,hatAMP_norm_0,hatAMP_norm_1,norm_0,norm_1,rank,time
120,40,30.0,562.0,4574.0,122.01284704897175,1599.2,49.85231070735117,4317.4,112.85318972616638,30.0,3.2250866799999995
120,60,45.0,854.0,7150.0,218.42513525540494,3599.2,114.51587149720494,6521.4,204.3007438996994,45.0,4.20161874
