m,n,r,P1_Sym_norm_0,P1_Sym_norm_1,P1_Sym_rank,P1_Sym_time
120,40,30.0,0.19568598771431783,0.33347509508701423,1.3333333333333333,3.89677336
120,60,45.0,0.2820685168567489,0.43290541428282026,1.3333333333333333,20.519756219999998
