m,n,r,P1_Sym_A_norm_0,P1_Sym_AMP_norm_0,P1_Sym_AMP_norm_1,P1_Sym_hatAMP_norm_0,P1_Sym_hatAMP_norm_1,P1_Sym_norm_0,P1_Sym_norm_1,P1_Sym_rank,P1_Sym_time
120,40,30.0,562.0,4574.0,122.01284704897175,1599.2,49.85231070735117,894.8,40.81372578120397,40.0,3.89677336
120,60,45.0,854.0,7150.0,218.42513525540494,3599.2,114.51587149720494,2016.6,94.77809286128559,60.0,20.519756219999998
