m,n,r,norm_0,norm_1,rank,time
120,40,30.0,0.943865113607694,0.9252165968904681,1.0,3.2250866799999995
120,60,45.0,0.912068523641031,0.9354421101954316,1.0,4.20161874
